insert into course (id, version, name , study_points ) values (1001, 0, 'programmeren oop', 6);
insert into course (id, version, name , study_points ) values (1002, 0, 'bedrijfsbeleid', 3);
insert into course (id, version, name , study_points ) values (1003, 0, 'project management', 3);
insert into course (id, version, name , study_points ) values (1004, 0, 'wiskunde', 3);
insert into course (id, version, name , study_points ) values (1005, 0, 'peer tutoring', 4);
insert into course (id, version, name , study_points ) values (1006, 0, 'internationale week', 4);
insert into course (id, version, name , study_points ) values (1007, 0, 'trends and future', 6);
insert into course (id, version, name , study_points ) values (1008, 0, 'database programming', 6);
insert into course (id, version, name , study_points ) values (1009, 0, 'project work', 14);
insert into course (id, version, name , study_points ) values (1010, 0, 'stage', 10);
insert into school_year(id, version, start_year) values (1001, 0, 2018);
insert into school_year(id, version, start_year) values (1002, 0, 2017);
insert into school_year(id, version, start_year) values (1003, 0, 2016);
insert into school_year(id, version, start_year) values (1004, 0, 2015);
insert into school_year(id, version, start_year) values (1005, 0, 2014);
insert into school_account (id, version, first_name, last_name, email, number, role) values (1001, 0, 'gay', 'larne', 'glarne0@loc.gov', 's853128', 'student');
insert into school_account (id, version, first_name, last_name, email, number, role) values (1002, 0, 'tris', 'koles', 'tkoles1@wsj.com', 's176797', 'student');
insert into school_account (id, version, first_name, last_name, email, number, role) values (1003, 0, 'claresta', 'becket', 'cbecket2@clickbank.net', 't056071', 'teacher');
insert into school_account (id, version, first_name, last_name, email, number, role) values (1004, 0, 'bess', 'dunbar', 'bdunbar3@ucoz.com', 's216401', 'student');
insert into school_account (id, version, first_name, last_name, email, number, role) values (1005, 0, 'rufe', 'olifaunt', 'rolifaunt4@youku.com', 's462121', 'student');
insert into school_account (id, version, first_name, last_name, email, number, role) values (1006, 0, 'patsy', 'greatorex', 'pgreatorex5@cocolog-nifty.com', 's011791', 'student');
insert into school_account (id, version, first_name, last_name, email, number, role) values (1007, 0, 'sheppard', 'addlestone', 'saddlestone6@discuz.net', 's582256', 'student');
insert into school_account (id, version, first_name, last_name, email, number, role) values (1008, 0, 'shawn', 'tirrey', 'stirrey7@discuz.net', 's852120', 'student');
insert into school_account (id, version, first_name, last_name, email, number, role) values (1009, 0, 'roanna', 'nursey', 'rnursey8@biblegateway.com', 's944972', 'student');
insert into school_account (id, version, first_name, last_name, email, number, role) values (1010, 0, 'florie', 'escalera', 'fescalera9@4shared.com', 's778224', 'student');
insert into school_account (id, version, first_name, last_name, email, number, role) values (1011, 0, 'rafa', 'gierek', 'rgiereka@spiegel.de', 's152787', 'student');
insert into school_account (id, version, first_name, last_name, email, number, role) values (1012, 0, 'der', 'diboll', 'ddibollb@delicious.com', 's428866', 'student');
insert into school_account (id, version, first_name, last_name, email, number, role) values (1013, 0, 'miranda', 'feavyour', 'mfeavyourc@amazonaws.com', 's578043', 'student');
insert into school_account (id, version, first_name, last_name, email, number, role) values (1014, 0, 'mavis', 'dahlbom', 'mdahlbomd@loc.gov', 's215108', 'student');
insert into school_account (id, version, first_name, last_name, email, number, role) values (1015, 0, 'melodie', 'pashby', 'mpashbye@statcounter.com', 's200793', 'student');
insert into school_account (id, version, first_name, last_name, email, number, role) values (1016, 0, 'ollie', 'brum', 'obrumf@webnode.com', 's028136', 'student');
insert into school_account (id, version, first_name, last_name, email, number, role) values (1017, 0, 'cleveland', 'satchell', 'csatchellg@multiply.com', 's078256', 'student');
insert into school_account (id, version, first_name, last_name, email, number, role) values (1018, 0, 'myrtle', 'allcoat', 'mallcoath@imageshack.us', 's977121', 'student');
insert into school_account (id, version, first_name, last_name, email, number, role) values (1019, 0, 'dino', 'asser', 'dasseri@mozilla.org', 's412260', 'student');
insert into school_account (id, version, first_name, last_name, email, number, role) values (1020, 0, 'angelique', 'spain', 'aspainj@edublogs.org', 's438898', 'student');
insert into school_account (id, version, first_name, last_name, email, number, role) values (1021, 0, 'gaylord', 'alexandersen', 'galexandersenk@newyorker.com', 's002242', 'student');
insert into school_account (id, version, first_name, last_name, email, number, role) values (1022, 0, 'sindee', 'blasl', 'sblasll@mozilla.com', 's835929', 'student');
insert into school_account (id, version, first_name, last_name, email, number, role) values (1023, 0, 'marcela', 'ramsted', 'mramstedm@homestead.com', 's335776', 'student');
insert into school_account (id, version, first_name, last_name, email, number, role) values (1024, 0, 'gisella', 'dragon', 'gdragonn@google.ca', 's596165', 'student');
insert into school_account (id, version, first_name, last_name, email, number, role) values (1025, 0, 'dolorita', 'pedgrift', 'dpedgrifto@google.com.br', 's083916', 'student');
insert into school_account (id, version, first_name, last_name, email, number, role) values (1026, 0, 'devina', 'kinnie', 'dkinniep@163.com', 's526824', 'student');
insert into school_account (id, version, first_name, last_name, email, number, role) values (1027, 0, 'alysa', 'ambrosio', 'aambrosioq@npr.org', 's785226', 'student');
insert into school_account (id, version, first_name, last_name, email, number, role) values (1028, 0, 'oliviero', 'lowerson', 'olowersonr@wired.com', 's665069', 'student');
insert into school_account (id, version, first_name, last_name, email, number, role) values (1029, 0, 'bald', 'dillon', 'bdillons@squidoo.com', 's344169', 'student');
insert into school_account (id, version, first_name, last_name, email, number, role) values (1030, 0, 'trixie', 'schuler', 'tschulert@google.nl', 's785485', 'student');
insert into school_account (id, version, first_name, last_name, email, number, role) values (1031, 0, 'antonia', 'standering', 'astanderingu@feedburner.com', 't854655', 'teacher');
insert into school_account (id, version, first_name, last_name, email, number, role) values (1032, 0, 'dee dee', 'ganning', 'dganningv@slate.com', 's405787', 'student');
insert into school_account (id, version, first_name, last_name, email, number, role) values (1033, 0, 'dela', 'hamm', 'dhammw@opensource.org', 't150617', 'teacher');
insert into school_account (id, version, first_name, last_name, email, number, role) values (1034, 0, 'fabiano', 'markel', 'fmarkelx@nydailynews.com', 't594907', 'teacher');
insert into school_account (id, version, first_name, last_name, email, number, role) values (1035, 0, 'lyndsay', 'finlater', 'lfinlatery@nymag.com', 's968377', 'student');
insert into school_account (id, version, first_name, last_name, email, number, role) values (1036, 0, 'dave', 'semrad', 'dsemradz@state.gov', 's218124', 'student');
insert into school_account (id, version, first_name, last_name, email, number, role) values (1037, 0, 'lemar', 'fellowes', 'lfellowes10@symantec.com', 's217210', 'student');
insert into school_account (id, version, first_name, last_name, email, number, role) values (1038, 0, 'ciro', 'albarez', 'calbarez11@wikimedia.org', 't811679', 'teacher');
insert into school_account (id, version, first_name, last_name, email, number, role) values (1039, 0, 'ilsa', 'dufoure', 'idufoure12@yellowbook.com', 's052952', 'student');
insert into school_account (id, version, first_name, last_name, email, number, role) values (1040, 0, 'gibby', 'macalaster', 'gmacalaster13@cdbaby.com', 's776535', 'student');
insert into school_account (id, version, first_name, last_name, email, number, role) values (1041, 0, 'katy', 'aldhous', 'kaldhous14@hubpages.com', 's303322', 'student');
insert into school_account (id, version, first_name, last_name, email, number, role) values (1042, 0, 'dollie', 'proughten', 'dproughten15@un.org', 's562284', 'student');
insert into school_account (id, version, first_name, last_name, email, number, role) values (1043, 0, 'aristotle', 'mesias', 'amesias16@disqus.com', 's581343', 'student');
insert into school_account (id, version, first_name, last_name, email, number, role) values (1044, 0, 'tom', 'elion', 'telion17@slideshare.net', 's596541', 'student');
insert into school_account (id, version, first_name, last_name, email, number, role) values (1045, 0, 'otes', 'sier', 'osier18@timesonline.co.uk', 's463748', 'student');
insert into school_account (id, version, first_name, last_name, email, number, role) values (1046, 0, 'willard', 'fylan', 'wfylan19@ebay.co.uk', 't420974', 'teacher');
insert into school_account (id, version, first_name, last_name, email, number, role) values (1047, 0, 'robinson', 'panas', 'rpanas1a@imageshack.us', 't682306', 'teacher');
insert into school_account (id, version, first_name, last_name, email, number, role) values (1048, 0, 'lorens', 'szymon', 'lszymon1b@pen.io', 's695000', 'student');
insert into school_account (id, version, first_name, last_name, email, number, role) values (1049, 0, 'adelind', 'goodliffe', 'agoodliffe1c@phoca.cz', 's340421', 'student');
insert into school_account (id, version, first_name, last_name, email, number, role) values (1050, 0, 'matti', 'kiehl', 'mkiehl1d@i2i.jp', 's579320', 'student');
insert into program (id, version, school_account_id, school_year_id ) values (1001, 0, 1020, 1001);
insert into program (id, version, school_account_id, school_year_id ) values (1002, 0, 1030, 1004);
insert into program (id, version, school_account_id, school_year_id ) values (1003, 0, 1011, 1002);
insert into program (id, version, school_account_id, school_year_id ) values (1004, 0, 1002, 1005);
insert into program (id, version, school_account_id, school_year_id ) values (1005, 0, 1009, 1002);
insert into program (id, version, school_account_id, school_year_id ) values (1006, 0, 1019, 1003);
insert into program (id, version, school_account_id, school_year_id ) values (1007, 0, 1020, 1001);
insert into program (id, version, school_account_id, school_year_id ) values (1008, 0, 1025, 1004);
insert into program (id, version, school_account_id, school_year_id ) values (1009, 0, 1008, 1002);
insert into program (id, version, school_account_id, school_year_id ) values (1010, 0, 1023, 1002);
insert into program (id, version, school_account_id, school_year_id ) values (1011, 0, 1021, 1002);
insert into program (id, version, school_account_id, school_year_id ) values (1012, 0, 1046, 1003);
insert into program (id, version, school_account_id, school_year_id ) values (1013, 0, 1047, 1002);
insert into program (id, version, school_account_id, school_year_id ) values (1014, 0, 1026, 1005);
insert into program (id, version, school_account_id, school_year_id ) values (1015, 0, 1033, 1004);
insert into program (id, version, school_account_id, school_year_id ) values (1016, 0, 1026, 1005);
insert into program (id, version, school_account_id, school_year_id ) values (1017, 0, 1015, 1005);
insert into program (id, version, school_account_id, school_year_id ) values (1018, 0, 1035, 1003);
insert into program (id, version, school_account_id, school_year_id ) values (1019, 0, 1024, 1002);
insert into program (id, version, school_account_id, school_year_id ) values (1020, 0, 1024, 1004);
insert into program (id, version, school_account_id, school_year_id ) values (1021, 0, 1017, 1005);
insert into program (id, version, school_account_id, school_year_id ) values (1022, 0, 1013, 1005);
insert into program (id, version, school_account_id, school_year_id ) values (1023, 0, 1044, 1002);
insert into program (id, version, school_account_id, school_year_id ) values (1024, 0, 1020, 1002);
insert into program (id, version, school_account_id, school_year_id ) values (1025, 0, 1047, 1003);
insert into program (id, version, school_account_id, school_year_id ) values (1026, 0, 1002, 1003);
insert into program (id, version, school_account_id, school_year_id ) values (1027, 0, 1004, 1004);
insert into program (id, version, school_account_id, school_year_id ) values (1028, 0, 1002, 1003);
insert into program (id, version, school_account_id, school_year_id ) values (1029, 0, 1004, 1004);
insert into program (id, version, school_account_id, school_year_id ) values (1030, 0, 1026, 1003);
insert into program (id, version, school_account_id, school_year_id ) values (1031, 0, 1040, 1003);
insert into program (id, version, school_account_id, school_year_id ) values (1032, 0, 1005, 1004);
insert into program (id, version, school_account_id, school_year_id ) values (1033, 0, 1042, 1002);
insert into program (id, version, school_account_id, school_year_id ) values (1034, 0, 1032, 1001);
insert into program (id, version, school_account_id, school_year_id ) values (1035, 0, 1047, 1001);
insert into program (id, version, school_account_id, school_year_id ) values (1036, 0, 1001, 1004);
insert into program (id, version, school_account_id, school_year_id ) values (1037, 0, 1034, 1005);
insert into program (id, version, school_account_id, school_year_id ) values (1038, 0, 1015, 1001);
insert into program (id, version, school_account_id, school_year_id ) values (1039, 0, 1041, 1004);
insert into program (id, version, school_account_id, school_year_id ) values (1040, 0, 1049, 1001);
insert into program (id, version, school_account_id, school_year_id ) values (1041, 0, 1032, 1003);
insert into program (id, version, school_account_id, school_year_id ) values (1042, 0, 1010, 1001);
insert into program (id, version, school_account_id, school_year_id ) values (1043, 0, 1004, 1005);
insert into program (id, version, school_account_id, school_year_id ) values (1044, 0, 1037, 1002);
insert into program (id, version, school_account_id, school_year_id ) values (1045, 0, 1050, 1003);
insert into program (id, version, school_account_id, school_year_id ) values (1046, 0, 1007, 1003);
insert into program (id, version, school_account_id, school_year_id ) values (1047, 0, 1011, 1004);
insert into program (id, version, school_account_id, school_year_id ) values (1048, 0, 1042, 1003);
insert into program (id, version, school_account_id, school_year_id ) values (1049, 0, 1047, 1002);
insert into program (id, version, school_account_id, school_year_id ) values (1050, 0, 1008, 1004);
insert into program (id, version, school_account_id, school_year_id ) values (1051, 0, 1039, 1004);
insert into program (id, version, school_account_id, school_year_id ) values (1052, 0, 1036, 1001);
insert into program (id, version, school_account_id, school_year_id ) values (1053, 0, 1045, 1001);
insert into program (id, version, school_account_id, school_year_id ) values (1054, 0, 1041, 1004);
insert into program (id, version, school_account_id, school_year_id ) values (1055, 0, 1013, 1001);
insert into program (id, version, school_account_id, school_year_id ) values (1056, 0, 1006, 1002);
insert into program (id, version, school_account_id, school_year_id ) values (1057, 0, 1006, 1002);
insert into program (id, version, school_account_id, school_year_id ) values (1058, 0, 1021, 1005);
insert into program (id, version, school_account_id, school_year_id ) values (1059, 0, 1040, 1003);
insert into program (id, version, school_account_id, school_year_id ) values (1060, 0, 1046, 1002);
insert into program (id, version, school_account_id, school_year_id ) values (1061, 0, 1012, 1003);
insert into program (id, version, school_account_id, school_year_id ) values (1062, 0, 1002, 1001);
insert into program (id, version, school_account_id, school_year_id ) values (1063, 0, 1023, 1002);
insert into program (id, version, school_account_id, school_year_id ) values (1064, 0, 1011, 1005);
insert into program (id, version, school_account_id, school_year_id ) values (1065, 0, 1024, 1005);
insert into program (id, version, school_account_id, school_year_id ) values (1066, 0, 1027, 1005);
insert into program (id, version, school_account_id, school_year_id ) values (1067, 0, 1044, 1005);
insert into program (id, version, school_account_id, school_year_id ) values (1068, 0, 1043, 1003);
insert into program (id, version, school_account_id, school_year_id ) values (1069, 0, 1031, 1004);
insert into program (id, version, school_account_id, school_year_id ) values (1070, 0, 1042, 1003);
insert into program (id, version, school_account_id, school_year_id ) values (1071, 0, 1004, 1002);
insert into program (id, version, school_account_id, school_year_id ) values (1072, 0, 1024, 1003);
insert into program (id, version, school_account_id, school_year_id ) values (1073, 0, 1048, 1004);
insert into program (id, version, school_account_id, school_year_id ) values (1074, 0, 1040, 1003);
insert into program (id, version, school_account_id, school_year_id ) values (1075, 0, 1047, 1002);
insert into program (id, version, school_account_id, school_year_id ) values (1076, 0, 1007, 1002);
insert into program (id, version, school_account_id, school_year_id ) values (1077, 0, 1050, 1005);
insert into program (id, version, school_account_id, school_year_id ) values (1078, 0, 1024, 1005);
insert into program (id, version, school_account_id, school_year_id ) values (1079, 0, 1015, 1002);
insert into program (id, version, school_account_id, school_year_id ) values (1080, 0, 1049, 1001);
insert into program (id, version, school_account_id, school_year_id ) values (1081, 0, 1004, 1001);
insert into program (id, version, school_account_id, school_year_id ) values (1082, 0, 1003, 1001);
insert into program (id, version, school_account_id, school_year_id ) values (1083, 0, 1004, 1001);
insert into program (id, version, school_account_id, school_year_id ) values (1084, 0, 1002, 1005);
insert into program (id, version, school_account_id, school_year_id ) values (1085, 0, 1031, 1003);
insert into program (id, version, school_account_id, school_year_id ) values (1086, 0, 1046, 1004);
insert into program (id, version, school_account_id, school_year_id ) values (1087, 0, 1034, 1004);
insert into program (id, version, school_account_id, school_year_id ) values (1088, 0, 1027, 1005);
insert into program (id, version, school_account_id, school_year_id ) values (1089, 0, 1026, 1004);
insert into program (id, version, school_account_id, school_year_id ) values (1090, 0, 1022, 1005);
insert into program (id, version, school_account_id, school_year_id ) values (1091, 0, 1035, 1005);
insert into program (id, version, school_account_id, school_year_id ) values (1092, 0, 1008, 1005);
insert into program (id, version, school_account_id, school_year_id ) values (1093, 0, 1024, 1005);
insert into program (id, version, school_account_id, school_year_id ) values (1094, 0, 1050, 1001);
insert into program (id, version, school_account_id, school_year_id ) values (1095, 0, 1025, 1004);
insert into program (id, version, school_account_id, school_year_id ) values (1096, 0, 1017, 1004);
insert into program (id, version, school_account_id, school_year_id ) values (1097, 0, 1031, 1004);
insert into program (id, version, school_account_id, school_year_id ) values (1098, 0, 1034, 1002);
insert into program (id, version, school_account_id, school_year_id ) values (1099, 0, 1033, 1004);
insert into program (id, version, school_account_id, school_year_id ) values (1100, 0, 1028, 1001);
insert into program (id, version, school_account_id, school_year_id ) values (1101, 0, 1037, 1002);
insert into program (id, version, school_account_id, school_year_id ) values (1102, 0, 1007, 1002);
insert into program (id, version, school_account_id, school_year_id ) values (1103, 0, 1048, 1001);
insert into program (id, version, school_account_id, school_year_id ) values (1104, 0, 1046, 1005);
insert into program (id, version, school_account_id, school_year_id ) values (1105, 0, 1018, 1001);
insert into program (id, version, school_account_id, school_year_id ) values (1106, 0, 1011, 1005);
insert into program (id, version, school_account_id, school_year_id ) values (1107, 0, 1018, 1001);
insert into program (id, version, school_account_id, school_year_id ) values (1108, 0, 1027, 1004);
insert into program (id, version, school_account_id, school_year_id ) values (1109, 0, 1028, 1005);
insert into program (id, version, school_account_id, school_year_id ) values (1110, 0, 1019, 1004);
insert into program (id, version, school_account_id, school_year_id ) values (1111, 0, 1004, 1004);
insert into program (id, version, school_account_id, school_year_id ) values (1112, 0, 1041, 1004);
insert into program (id, version, school_account_id, school_year_id ) values (1113, 0, 1031, 1004);
insert into program (id, version, school_account_id, school_year_id ) values (1114, 0, 1039, 1004);
insert into program (id, version, school_account_id, school_year_id ) values (1115, 0, 1047, 1003);
insert into program (id, version, school_account_id, school_year_id ) values (1116, 0, 1042, 1001);
insert into program (id, version, school_account_id, school_year_id ) values (1117, 0, 1012, 1005);
insert into program (id, version, school_account_id, school_year_id ) values (1118, 0, 1011, 1002);
insert into program (id, version, school_account_id, school_year_id ) values (1119, 0, 1046, 1002);
insert into program (id, version, school_account_id, school_year_id ) values (1120, 0, 1036, 1002);
insert into program (id, version, school_account_id, school_year_id ) values (1121, 0, 1005, 1003);
insert into program (id, version, school_account_id, school_year_id ) values (1122, 0, 1043, 1005);
insert into program (id, version, school_account_id, school_year_id ) values (1123, 0, 1030, 1002);
insert into program (id, version, school_account_id, school_year_id ) values (1124, 0, 1028, 1001);
insert into program (id, version, school_account_id, school_year_id ) values (1125, 0, 1038, 1004);
insert into program (id, version, school_account_id, school_year_id ) values (1126, 0, 1034, 1005);
insert into program (id, version, school_account_id, school_year_id ) values (1127, 0, 1047, 1005);
insert into program (id, version, school_account_id, school_year_id ) values (1128, 0, 1015, 1005);
insert into program (id, version, school_account_id, school_year_id ) values (1129, 0, 1023, 1003);
insert into program (id, version, school_account_id, school_year_id ) values (1130, 0, 1025, 1005);
insert into program (id, version, school_account_id, school_year_id ) values (1131, 0, 1009, 1005);
insert into program (id, version, school_account_id, school_year_id ) values (1132, 0, 1012, 1005);
insert into program (id, version, school_account_id, school_year_id ) values (1133, 0, 1036, 1002);
insert into program (id, version, school_account_id, school_year_id ) values (1134, 0, 1047, 1001);
insert into program (id, version, school_account_id, school_year_id ) values (1135, 0, 1010, 1004);
insert into program (id, version, school_account_id, school_year_id ) values (1136, 0, 1016, 1001);
insert into program (id, version, school_account_id, school_year_id ) values (1137, 0, 1011, 1002);
insert into program (id, version, school_account_id, school_year_id ) values (1138, 0, 1035, 1003);
insert into program (id, version, school_account_id, school_year_id ) values (1139, 0, 1043, 1004);
insert into program (id, version, school_account_id, school_year_id ) values (1140, 0, 1005, 1001);
insert into program (id, version, school_account_id, school_year_id ) values (1141, 0, 1015, 1004);
insert into program (id, version, school_account_id, school_year_id ) values (1142, 0, 1009, 1001);
insert into program (id, version, school_account_id, school_year_id ) values (1143, 0, 1024, 1003);
insert into program (id, version, school_account_id, school_year_id ) values (1144, 0, 1021, 1004);
insert into program (id, version, school_account_id, school_year_id ) values (1145, 0, 1003, 1001);
insert into program (id, version, school_account_id, school_year_id ) values (1146, 0, 1028, 1001);
insert into program (id, version, school_account_id, school_year_id ) values (1147, 0, 1030, 1005);
insert into program (id, version, school_account_id, school_year_id ) values (1148, 0, 1001, 1002);
insert into program (id, version, school_account_id, school_year_id ) values (1149, 0, 1029, 1004);
insert into program (id, version, school_account_id, school_year_id ) values (1150, 0, 1026, 1002);
insert into program (id, version, school_account_id, school_year_id ) values (1151, 0, 1032, 1005);
insert into program (id, version, school_account_id, school_year_id ) values (1152, 0, 1007, 1001);
insert into program (id, version, school_account_id, school_year_id ) values (1153, 0, 1037, 1004);
insert into program (id, version, school_account_id, school_year_id ) values (1154, 0, 1032, 1001);
insert into program (id, version, school_account_id, school_year_id ) values (1155, 0, 1027, 1004);
insert into program (id, version, school_account_id, school_year_id ) values (1156, 0, 1003, 1004);
insert into program (id, version, school_account_id, school_year_id ) values (1157, 0, 1015, 1003);
insert into program (id, version, school_account_id, school_year_id ) values (1158, 0, 1003, 1001);
insert into program (id, version, school_account_id, school_year_id ) values (1159, 0, 1015, 1005);
insert into program (id, version, school_account_id, school_year_id ) values (1160, 0, 1017, 1002);
insert into program (id, version, school_account_id, school_year_id ) values (1161, 0, 1032, 1001);
insert into program (id, version, school_account_id, school_year_id ) values (1162, 0, 1036, 1004);
insert into program (id, version, school_account_id, school_year_id ) values (1163, 0, 1027, 1004);
insert into program (id, version, school_account_id, school_year_id ) values (1164, 0, 1007, 1005);
insert into program (id, version, school_account_id, school_year_id ) values (1165, 0, 1012, 1001);
insert into program (id, version, school_account_id, school_year_id ) values (1166, 0, 1039, 1001);
insert into program (id, version, school_account_id, school_year_id ) values (1167, 0, 1036, 1002);
insert into program (id, version, school_account_id, school_year_id ) values (1168, 0, 1042, 1003);
insert into program (id, version, school_account_id, school_year_id ) values (1169, 0, 1017, 1004);
insert into program (id, version, school_account_id, school_year_id ) values (1170, 0, 1014, 1004);
insert into program (id, version, school_account_id, school_year_id ) values (1171, 0, 1046, 1004);
insert into program (id, version, school_account_id, school_year_id ) values (1172, 0, 1004, 1005);
insert into program (id, version, school_account_id, school_year_id ) values (1173, 0, 1012, 1004);
insert into program (id, version, school_account_id, school_year_id ) values (1174, 0, 1022, 1003);
insert into program (id, version, school_account_id, school_year_id ) values (1175, 0, 1021, 1004);
insert into program_courses (program_id , courses_id) values (1131, 1010);
insert into program_courses (program_id , courses_id) values (1127, 1006);
insert into program_courses (program_id , courses_id) values (1014, 1006);
insert into program_courses (program_id , courses_id) values (1060, 1007);
insert into program_courses (program_id , courses_id) values (1041, 1001);
insert into program_courses (program_id , courses_id) values (1017, 1006);
insert into program_courses (program_id , courses_id) values (1017, 1003);
insert into program_courses (program_id , courses_id) values (1169, 1005);
insert into program_courses (program_id , courses_id) values (1003, 1006);
insert into program_courses (program_id , courses_id) values (1005, 1006);
insert into program_courses (program_id , courses_id) values (1022, 1006);
insert into program_courses (program_id , courses_id) values (1067, 1001);
insert into program_courses (program_id , courses_id) values (1017, 1004);
insert into program_courses (program_id , courses_id) values (1003, 1010);
insert into program_courses (program_id , courses_id) values (1132, 1001);
insert into program_courses (program_id , courses_id) values (1080, 1008);
insert into program_courses (program_id , courses_id) values (1010, 1008);
insert into program_courses (program_id , courses_id) values (1117, 1001);
insert into program_courses (program_id , courses_id) values (1095, 1003);
insert into program_courses (program_id , courses_id) values (1008, 1004);
insert into program_courses (program_id , courses_id) values (1131, 1007);
insert into program_courses (program_id , courses_id) values (1024, 1010);
insert into program_courses (program_id , courses_id) values (1015, 1001);
insert into program_courses (program_id , courses_id) values (1059, 1010);
insert into program_courses (program_id , courses_id) values (1034, 1002);
insert into program_courses (program_id , courses_id) values (1105, 1001);
insert into program_courses (program_id , courses_id) values (1075, 1007);
insert into program_courses (program_id , courses_id) values (1118, 1010);
insert into program_courses (program_id , courses_id) values (1059, 1002);
insert into program_courses (program_id , courses_id) values (1143, 1010);
insert into program_courses (program_id , courses_id) values (1121, 1003);
insert into program_courses (program_id , courses_id) values (1104, 1002);
insert into program_courses (program_id , courses_id) values (1003, 1008);
insert into program_courses (program_id , courses_id) values (1119, 1009);
insert into program_courses (program_id , courses_id) values (1030, 1008);
insert into program_courses (program_id , courses_id) values (1144, 1009);
insert into program_courses (program_id , courses_id) values (1127, 1008);
insert into program_courses (program_id , courses_id) values (1025, 1010);
insert into program_courses (program_id , courses_id) values (1052, 1005);
insert into program_courses (program_id , courses_id) values (1123, 1010);
insert into program_courses (program_id , courses_id) values (1050, 1001);
insert into program_courses (program_id , courses_id) values (1168, 1004);
insert into program_courses (program_id , courses_id) values (1029, 1002);
insert into program_courses (program_id , courses_id) values (1105, 1004);
insert into program_courses (program_id , courses_id) values (1114, 1002);
insert into program_courses (program_id , courses_id) values (1060, 1009);
insert into program_courses (program_id , courses_id) values (1109, 1006);
insert into program_courses (program_id , courses_id) values (1068, 1006);
insert into program_courses (program_id , courses_id) values (1010, 1007);
insert into program_courses (program_id , courses_id) values (1160, 1001);
insert into program_courses (program_id , courses_id) values (1157, 1006);
insert into program_courses (program_id , courses_id) values (1161, 1009);
insert into program_courses (program_id , courses_id) values (1064, 1008);
insert into program_courses (program_id , courses_id) values (1043, 1001);
insert into program_courses (program_id , courses_id) values (1156, 1007);
insert into program_courses (program_id , courses_id) values (1138, 1002);
insert into program_courses (program_id , courses_id) values (1037, 1003);
insert into program_courses (program_id , courses_id) values (1109, 1001);
insert into program_courses (program_id , courses_id) values (1019, 1006);
insert into program_courses (program_id , courses_id) values (1057, 1005);
insert into program_courses (program_id , courses_id) values (1056, 1003);
insert into program_courses (program_id , courses_id) values (1101, 1003);
insert into program_courses (program_id , courses_id) values (1020, 1007);
insert into program_courses (program_id , courses_id) values (1021, 1009);
insert into program_courses (program_id , courses_id) values (1129, 1001);
insert into program_courses (program_id , courses_id) values (1069, 1008);
insert into program_courses (program_id , courses_id) values (1136, 1008);
insert into program_courses (program_id , courses_id) values (1107, 1007);
insert into program_courses (program_id , courses_id) values (1099, 1003);
insert into program_courses (program_id , courses_id) values (1111, 1003);
insert into program_courses (program_id , courses_id) values (1147, 1007);
insert into program_courses (program_id , courses_id) values (1121, 1008);
insert into program_courses (program_id , courses_id) values (1053, 1003);
insert into program_courses (program_id , courses_id) values (1077, 1008);
insert into program_courses (program_id , courses_id) values (1060, 1008);
insert into program_courses (program_id , courses_id) values (1096, 1010);
insert into program_courses (program_id , courses_id) values (1108, 1004);
insert into program_courses (program_id , courses_id) values (1087, 1008);
insert into program_courses (program_id , courses_id) values (1060, 1004);
insert into program_courses (program_id , courses_id) values (1009, 1002);
insert into program_courses (program_id , courses_id) values (1118, 1001);
insert into program_courses (program_id , courses_id) values (1167, 1008);
insert into program_courses (program_id , courses_id) values (1057, 1008);
insert into program_courses (program_id , courses_id) values (1136, 1010);
insert into program_courses (program_id , courses_id) values (1049, 1010);
insert into program_courses (program_id , courses_id) values (1064, 1005);
insert into program_courses (program_id , courses_id) values (1140, 1004);
insert into program_courses (program_id , courses_id) values (1015, 1002);
insert into program_courses (program_id , courses_id) values (1025, 1003);
insert into program_courses (program_id , courses_id) values (1050, 1010);
insert into program_courses (program_id , courses_id) values (1076, 1010);
insert into program_courses (program_id , courses_id) values (1118, 1003);
insert into program_courses (program_id , courses_id) values (1130, 1003);
insert into program_courses (program_id , courses_id) values (1092, 1007);
insert into program_courses (program_id , courses_id) values (1150, 1007);
insert into program_courses (program_id , courses_id) values (1082, 1007);
insert into program_courses (program_id , courses_id) values (1085, 1004);
insert into program_courses (program_id , courses_id) values (1067, 1005);
insert into program_courses (program_id , courses_id) values (1065, 1004);
insert into program_courses (program_id , courses_id) values (1149, 1002);
insert into program_courses (program_id , courses_id) values (1076, 1001);
insert into program_courses (program_id , courses_id) values (1092, 1008);
insert into program_courses (program_id , courses_id) values (1023, 1010);
insert into program_courses (program_id , courses_id) values (1116, 1003);
insert into program_courses (program_id , courses_id) values (1077, 1001);
insert into program_courses (program_id , courses_id) values (1111, 1002);
insert into program_courses (program_id , courses_id) values (1026, 1005);
insert into program_courses (program_id , courses_id) values (1140, 1008);
insert into program_courses (program_id , courses_id) values (1129, 1006);
insert into program_courses (program_id , courses_id) values (1001, 1010);
insert into program_courses (program_id , courses_id) values (1013, 1004);
insert into program_courses (program_id , courses_id) values (1090, 1001);
insert into program_courses (program_id , courses_id) values (1010, 1002);
insert into program_courses (program_id , courses_id) values (1149, 1003);
insert into program_courses (program_id , courses_id) values (1128, 1003);
insert into program_courses (program_id , courses_id) values (1051, 1003);
insert into program_courses (program_id , courses_id) values (1033, 1001);
insert into program_courses (program_id , courses_id) values (1072, 1004);
insert into program_courses (program_id , courses_id) values (1108, 1002);
insert into program_courses (program_id , courses_id) values (1030, 1007);
insert into program_courses (program_id , courses_id) values (1100, 1008);
insert into program_courses (program_id , courses_id) values (1080, 1004);
insert into program_courses (program_id , courses_id) values (1045, 1005);
insert into program_courses (program_id , courses_id) values (1049, 1002);
insert into program_courses (program_id , courses_id) values (1082, 1010);
insert into program_courses (program_id , courses_id) values (1001, 1006);
insert into program_courses (program_id , courses_id) values (1099, 1009);
insert into program_courses (program_id , courses_id) values (1024, 1007);
insert into program_courses (program_id , courses_id) values (1058, 1007);
insert into program_courses (program_id , courses_id) values (1059, 1004);
insert into program_courses (program_id , courses_id) values (1109, 1002);
insert into program_courses (program_id , courses_id) values (1137, 1009);
insert into program_courses (program_id , courses_id) values (1101, 1004);
insert into program_courses (program_id , courses_id) values (1149, 1007);
insert into program_courses (program_id , courses_id) values (1132, 1005);
insert into program_courses (program_id , courses_id) values (1136, 1007);
insert into program_courses (program_id , courses_id) values (1130, 1006);
insert into program_courses (program_id , courses_id) values (1095, 1007);
insert into program_courses (program_id , courses_id) values (1022, 1007);
insert into program_courses (program_id , courses_id) values (1033, 1006);
insert into program_courses (program_id , courses_id) values (1116, 1008);
insert into program_courses (program_id , courses_id) values (1155, 1002);
insert into program_courses (program_id , courses_id) values (1050, 1008);
insert into program_courses (program_id , courses_id) values (1069, 1010);
insert into program_courses (program_id , courses_id) values (1012, 1006);
insert into program_courses (program_id , courses_id) values (1166, 1006);
insert into program_courses (program_id , courses_id) values (1125, 1005);
insert into program_courses (program_id , courses_id) values (1149, 1010);
insert into program_courses (program_id , courses_id) values (1088, 1008);
insert into program_courses (program_id , courses_id) values (1009, 1008);
insert into program_courses (program_id , courses_id) values (1014, 1004);
insert into program_courses (program_id , courses_id) values (1017, 1008);
insert into program_courses (program_id , courses_id) values (1001, 1007);
insert into program_courses (program_id , courses_id) values (1093, 1004);
insert into program_courses (program_id , courses_id) values (1137, 1005);
insert into program_courses (program_id , courses_id) values (1039, 1010);
insert into program_courses (program_id , courses_id) values (1081, 1008);
insert into program_courses (program_id , courses_id) values (1060, 1001);
insert into program_courses (program_id , courses_id) values (1088, 1009);
insert into program_courses (program_id , courses_id) values (1021, 1006);
insert into program_courses (program_id , courses_id) values (1052, 1002);
insert into program_courses (program_id , courses_id) values (1081, 1004);
insert into program_courses (program_id , courses_id) values (1086, 1006);
insert into program_courses (program_id , courses_id) values (1031, 1004);
insert into program_courses (program_id , courses_id) values (1114, 1004);
insert into program_courses (program_id , courses_id) values (1017, 1010);
insert into program_courses (program_id , courses_id) values (1026, 1008);
insert into program_courses (program_id , courses_id) values (1019, 1004);
insert into program_courses (program_id , courses_id) values (1064, 1004);
insert into program_courses (program_id , courses_id) values (1034, 1010);
insert into program_courses (program_id , courses_id) values (1172, 1003);
insert into program_courses (program_id , courses_id) values (1119, 1006);
insert into program_courses (program_id , courses_id) values (1111, 1006);
insert into program_courses (program_id , courses_id) values (1041, 1002);
insert into program_courses (program_id , courses_id) values (1077, 1006);
insert into program_courses (program_id , courses_id) values (1115, 1010);
insert into program_courses (program_id , courses_id) values (1145, 1009);
insert into program_courses (program_id , courses_id) values (1114, 1003);
insert into program_courses (program_id , courses_id) values (1089, 1004);
insert into program_courses (program_id , courses_id) values (1081, 1001);
insert into program_courses (program_id , courses_id) values (1056, 1005);
insert into program_courses (program_id , courses_id) values (1002, 1003);
insert into program_courses (program_id , courses_id) values (1054, 1003);
insert into program_courses (program_id , courses_id) values (1021, 1005);
insert into program_courses (program_id , courses_id) values (1076, 1003);
insert into program_courses (program_id , courses_id) values (1134, 1010);
insert into program_courses (program_id , courses_id) values (1027, 1001);
insert into program_courses (program_id , courses_id) values (1117, 1002);
insert into program_courses (program_id , courses_id) values (1047, 1004);
insert into program_courses (program_id , courses_id) values (1076, 1006);
insert into program_courses (program_id , courses_id) values (1012, 1007);
insert into program_courses (program_id , courses_id) values (1125, 1004);
insert into program_courses (program_id , courses_id) values (1124, 1004);
insert into program_courses (program_id , courses_id) values (1036, 1008);
insert into program_courses (program_id , courses_id) values (1103, 1007);
insert into program_courses (program_id , courses_id) values (1093, 1010);
insert into program_courses (program_id , courses_id) values (1039, 1005);
insert into program_courses (program_id , courses_id) values (1030, 1003);
insert into program_courses (program_id , courses_id) values (1053, 1004);
insert into program_courses (program_id , courses_id) values (1099, 1004);
insert into program_courses (program_id , courses_id) values (1074, 1008);
insert into program_courses (program_id , courses_id) values (1044, 1001);
insert into program_courses (program_id , courses_id) values (1104, 1004);
insert into program_courses (program_id , courses_id) values (1002, 1006);
insert into program_courses (program_id , courses_id) values (1130, 1009);
insert into program_courses (program_id , courses_id) values (1107, 1009);
insert into program_courses (program_id , courses_id) values (1107, 1002);
insert into program_courses (program_id , courses_id) values (1163, 1005);
insert into program_courses (program_id , courses_id) values (1154, 1001);
insert into program_courses (program_id , courses_id) values (1024, 1002);
insert into program_courses (program_id , courses_id) values (1009, 1010);
insert into program_courses (program_id , courses_id) values (1153, 1009);
insert into program_courses (program_id , courses_id) values (1071, 1003);
insert into program_courses (program_id , courses_id) values (1121, 1004);
insert into program_courses (program_id , courses_id) values (1132, 1006);
insert into program_courses (program_id , courses_id) values (1054, 1009);
insert into program_courses (program_id , courses_id) values (1036, 1004);
insert into program_courses (program_id , courses_id) values (1066, 1005);
insert into program_courses (program_id , courses_id) values (1055, 1006);
insert into program_courses (program_id , courses_id) values (1090, 1010);
insert into program_courses (program_id , courses_id) values (1155, 1001);
insert into program_courses (program_id , courses_id) values (1061, 1006);
insert into program_courses (program_id , courses_id) values (1008, 1003);
insert into program_courses (program_id , courses_id) values (1009, 1003);
insert into program_courses (program_id , courses_id) values (1137, 1001);
insert into program_courses (program_id , courses_id) values (1005, 1009);
insert into program_courses (program_id , courses_id) values (1172, 1006);
insert into program_courses (program_id , courses_id) values (1117, 1006);
insert into program_courses (program_id , courses_id) values (1126, 1008);
insert into program_courses (program_id , courses_id) values (1006, 1006);
insert into program_courses (program_id , courses_id) values (1028, 1005);
insert into program_courses (program_id , courses_id) values (1160, 1006);
insert into program_courses (program_id , courses_id) values (1016, 1005);
insert into program_courses (program_id , courses_id) values (1028, 1008);
insert into program_courses (program_id , courses_id) values (1073, 1002);
insert into program_courses (program_id , courses_id) values (1006, 1001);
insert into program_courses (program_id , courses_id) values (1125, 1010);
insert into program_courses (program_id , courses_id) values (1047, 1009);
insert into program_courses (program_id , courses_id) values (1100, 1010);
insert into program_courses (program_id , courses_id) values (1142, 1001);
insert into program_courses (program_id , courses_id) values (1038, 1001);
insert into program_courses (program_id , courses_id) values (1016, 1007);
insert into program_courses (program_id , courses_id) values (1070, 1004);
insert into program_courses (program_id , courses_id) values (1149, 1009);
insert into program_courses (program_id , courses_id) values (1154, 1006);
insert into program_courses (program_id , courses_id) values (1008, 1006);
insert into program_courses (program_id , courses_id) values (1116, 1004);
insert into program_courses (program_id , courses_id) values (1123, 1005);
insert into program_courses (program_id , courses_id) values (1004, 1001);
insert into program_courses (program_id , courses_id) values (1160, 1003);
insert into program_courses (program_id , courses_id) values (1058, 1009);
insert into program_courses (program_id , courses_id) values (1063, 1007);
insert into program_courses (program_id , courses_id) values (1050, 1006);
insert into program_courses (program_id , courses_id) values (1023, 1005);
insert into program_courses (program_id , courses_id) values (1025, 1001);
insert into program_courses (program_id , courses_id) values (1137, 1002);
insert into program_courses (program_id , courses_id) values (1174, 1004);
insert into program_courses (program_id , courses_id) values (1080, 1007);
insert into program_courses (program_id , courses_id) values (1150, 1002);
insert into program_courses (program_id , courses_id) values (1040, 1004);
insert into program_courses (program_id , courses_id) values (1165, 1001);
insert into program_courses (program_id , courses_id) values (1175, 1001);
insert into program_courses (program_id , courses_id) values (1056, 1002);
insert into program_courses (program_id , courses_id) values (1104, 1003);
insert into program_courses (program_id , courses_id) values (1035, 1008);
insert into program_courses (program_id , courses_id) values (1066, 1006);
insert into program_courses (program_id , courses_id) values (1153, 1008);
insert into program_courses (program_id , courses_id) values (1160, 1009);
insert into program_courses (program_id , courses_id) values (1139, 1001);
insert into program_courses (program_id , courses_id) values (1015, 1005);
insert into program_courses (program_id , courses_id) values (1134, 1002);
insert into program_courses (program_id , courses_id) values (1109, 1008);
insert into program_courses (program_id , courses_id) values (1075, 1010);
insert into program_courses (program_id , courses_id) values (1117, 1008);
insert into program_courses (program_id , courses_id) values (1148, 1002);
insert into program_courses (program_id , courses_id) values (1136, 1005);
insert into program_courses (program_id , courses_id) values (1116, 1010);
insert into program_courses (program_id , courses_id) values (1105, 1007);
insert into program_courses (program_id , courses_id) values (1132, 1004);
insert into program_courses (program_id , courses_id) values (1036, 1007);
insert into program_courses (program_id , courses_id) values (1011, 1009);
insert into program_courses (program_id , courses_id) values (1157, 1009);
insert into program_courses (program_id , courses_id) values (1146, 1005);
insert into program_courses (program_id , courses_id) values (1164, 1002);
insert into program_courses (program_id , courses_id) values (1019, 1007);
insert into program_courses (program_id , courses_id) values (1041, 1005);
insert into program_courses (program_id , courses_id) values (1043, 1004);
insert into program_courses (program_id , courses_id) values (1144, 1001);
insert into program_courses (program_id , courses_id) values (1021, 1003);
insert into program_courses (program_id , courses_id) values (1007, 1010);
insert into program_courses (program_id , courses_id) values (1055, 1008);
insert into program_courses (program_id , courses_id) values (1149, 1006);
insert into program_courses (program_id , courses_id) values (1162, 1005);
insert into program_courses (program_id , courses_id) values (1155, 1003);
insert into program_courses (program_id , courses_id) values (1063, 1002);
insert into program_courses (program_id , courses_id) values (1016, 1004);
insert into program_courses (program_id , courses_id) values (1013, 1006);
insert into program_courses (program_id , courses_id) values (1130, 1002);
insert into program_courses (program_id , courses_id) values (1040, 1005);
insert into program_courses (program_id , courses_id) values (1006, 1008);
insert into program_courses (program_id , courses_id) values (1122, 1001);
insert into program_courses (program_id , courses_id) values (1163, 1009);
insert into program_courses (program_id , courses_id) values (1079, 1009);
insert into program_courses (program_id , courses_id) values (1147, 1002);
insert into program_courses (program_id , courses_id) values (1135, 1005);
insert into program_courses (program_id , courses_id) values (1075, 1005);
insert into program_courses (program_id , courses_id) values (1022, 1010);
insert into program_courses (program_id , courses_id) values (1083, 1002);
insert into program_courses (program_id , courses_id) values (1065, 1006);
insert into program_courses (program_id , courses_id) values (1160, 1008);
insert into program_courses (program_id , courses_id) values (1100, 1002);
insert into program_courses (program_id , courses_id) values (1003, 1005);
insert into program_courses (program_id , courses_id) values (1106, 1001);
insert into program_courses (program_id , courses_id) values (1160, 1004);
insert into program_courses (program_id , courses_id) values (1018, 1010);
insert into program_courses (program_id , courses_id) values (1053, 1010);
insert into program_courses (program_id , courses_id) values (1082, 1004);
insert into program_courses (program_id , courses_id) values (1048, 1001);
insert into program_courses (program_id , courses_id) values (1110, 1009);
insert into program_courses (program_id , courses_id) values (1115, 1007);
insert into program_courses (program_id , courses_id) values (1085, 1002);
insert into program_courses (program_id , courses_id) values (1173, 1002);
insert into program_courses (program_id , courses_id) values (1137, 1006);
insert into program_courses (program_id , courses_id) values (1021, 1010);
insert into program_courses (program_id , courses_id) values (1167, 1002);
insert into program_courses (program_id , courses_id) values (1146, 1009);
insert into program_courses (program_id , courses_id) values (1031, 1002);
insert into program_courses (program_id , courses_id) values (1147, 1010);
insert into program_courses (program_id , courses_id) values (1108, 1003);
insert into program_courses (program_id , courses_id) values (1015, 1009);
insert into program_courses (program_id , courses_id) values (1104, 1009);
insert into program_courses (program_id , courses_id) values (1166, 1010);
insert into program_courses (program_id , courses_id) values (1073, 1008);
insert into program_courses (program_id , courses_id) values (1146, 1006);
insert into program_courses (program_id , courses_id) values (1108, 1008);
insert into program_courses (program_id , courses_id) values (1171, 1005);
insert into program_courses (program_id , courses_id) values (1138, 1009);
insert into program_courses (program_id , courses_id) values (1130, 1008);
insert into program_courses (program_id , courses_id) values (1110, 1002);
insert into program_courses (program_id , courses_id) values (1154, 1005);
insert into program_courses (program_id , courses_id) values (1163, 1004);
insert into program_courses (program_id , courses_id) values (1091, 1006);
insert into program_courses (program_id , courses_id) values (1044, 1004);
insert into program_courses (program_id , courses_id) values (1139, 1010);
insert into program_courses (program_id , courses_id) values (1048, 1006);
insert into program_courses (program_id , courses_id) values (1013, 1007);
insert into program_courses (program_id , courses_id) values (1139, 1007);
insert into program_courses (program_id , courses_id) values (1064, 1006);
insert into program_courses (program_id , courses_id) values (1126, 1006);
insert into program_courses (program_id , courses_id) values (1070, 1010);
insert into program_courses (program_id , courses_id) values (1030, 1001);
insert into program_courses (program_id , courses_id) values (1125, 1006);
insert into program_courses (program_id , courses_id) values (1146, 1010);